label,top,N,K,GF_WIDTH,CLK_NS,area,wns,total_dyn_mw
N514_K512_GF8_TT2T002_CLK1.550ns_TT_rs_encoder_wrapper,rs_encoder_wrapper,514,512,8,1.550000,55.81224,973.372131,0.095709
N518_K512_GF8_TT2T006_CLK1.550ns_TT_rs_decoder_plus_syndrome,rs_decoder_plus_syndrome,518,512,8,1.550000,8588.144653,8.044922,3.892793
N524_K512_GF8_TT2T012_CLK1.550ns_TT_rs_syndrome,rs_syndrome,524,512,8,1.550000,163.689659,930.308167,0.225407
N530_K512_GF8_TT2T018_CLK1.550ns_TT_rs_encoder_wrapper,rs_encoder_wrapper,530,512,8,1.550000,392.653978,688.756836,0.72684
N538_K512_GF8_TT2T026_CLK1.550ns_TT_rs_decoder_plus_syndrome,rs_decoder_plus_syndrome,538,512,8,1.550000,9876.331369,0.527344,4.994424
N534_K512_GF8_TT2T022_CLK1.550ns_TT_rs_syndrome,rs_syndrome,534,512,8,1.550000,298.394278,788.966064,0.419817
N514_K512_GF8_TT2T002_CLK1.550ns_TT_rs_syndrome,rs_syndrome,514,512,8,1.550000,33.2424,1175.418701,0.041729
N520_K512_GF8_TT2T008_CLK1.550ns_TT_rs_encoder_wrapper,rs_encoder_wrapper,520,512,8,1.550000,179.450639,809.618103,0.323899
N524_K512_GF8_TT2T012_CLK1.550ns_TT_rs_decoder_plus_syndrome,rs_decoder_plus_syndrome,524,512,8,1.550000,8964.512765,4.228516,4.308716
N530_K512_GF8_TT2T018_CLK1.550ns_TT_rs_syndrome,rs_syndrome,530,512,8,1.550000,244.623239,926.435547,0.342347
N544_K512_GF8_TT2T032_CLK1.550ns_TT_rs_encoder_wrapper,rs_encoder_wrapper,544,512,8,1.550000,683.904056,631.002014,1.269441
N534_K512_GF8_TT2T022_CLK1.550ns_TT_rs_decoder_plus_syndrome,rs_decoder_plus_syndrome,534,512,8,1.550000,9620.350314,3.154419,4.839397
N514_K512_GF8_TT2T002_CLK1.550ns_TT_rs_decoder_plus_syndrome,rs_decoder_plus_syndrome,514,512,8,1.550000,8324.611158,133.993652,3.692673
N520_K512_GF8_TT2T008_CLK1.550ns_TT_rs_syndrome,rs_syndrome,520,512,8,1.550000,109.758239,960.207275,0.146985
N526_K512_GF8_TT2T014_CLK1.550ns_TT_rs_encoder_wrapper,rs_encoder_wrapper,526,512,8,1.550000,306.734038,864.465942,0.560638
N530_K512_GF8_TT2T018_CLK1.550ns_TT_rs_decoder_plus_syndrome,rs_decoder_plus_syndrome,530,512,8,1.550000,9356.758498,8.629395,4.588216
N544_K512_GF8_TT2T032_CLK1.550ns_TT_rs_syndrome,rs_syndrome,544,512,8,1.550000,427.675138,776.913452,0.597256
N516_K512_GF8_TT2T004_CLK1.550ns_TT_rs_encoder_wrapper,rs_encoder_wrapper,516,512,8,1.550000,98.050499,846.93634,0.176855
N520_K512_GF8_TT2T008_CLK1.550ns_TT_rs_decoder_plus_syndrome,rs_decoder_plus_syndrome,520,512,8,1.550000,8712.73075,6.097046,3.9694
N526_K512_GF8_TT2T014_CLK1.550ns_TT_rs_syndrome,rs_syndrome,526,512,8,1.550000,190.458539,919.503052,0.263924
N532_K512_GF8_TT2T020_CLK1.550ns_TT_rs_encoder_wrapper,rs_encoder_wrapper,532,512,8,1.550000,438.653877,651.682739,0.813175
N544_K512_GF8_TT2T032_CLK1.550ns_TT_rs_decoder_plus_syndrome,rs_decoder_plus_syndrome,544,512,8,1.550000,10248.689982,1.669556,5.36422
N516_K512_GF8_TT2T004_CLK1.550ns_TT_rs_syndrome,rs_syndrome,516,512,8,1.550000,57.12444,1040.164185,0.073835
N522_K512_GF8_TT2T010_CLK1.550ns_TT_rs_encoder_wrapper,rs_encoder_wrapper,522,512,8,1.550000,221.820119,849.844299,0.404334
N526_K512_GF8_TT2T014_CLK1.550ns_TT_rs_decoder_plus_syndrome,rs_decoder_plus_syndrome,526,512,8,1.550000,9094.785063,1.964478,4.314789
N532_K512_GF8_TT2T020_CLK1.550ns_TT_rs_syndrome,rs_syndrome,532,512,8,1.550000,271.989899,829.878113,0.382165
N554_K512_GF8_TT2T042_CLK1.550ns_TT_rs_encoder_wrapper,rs_encoder_wrapper,554,512,8,1.550000,891.056695,436.368286,1.644239
N516_K512_GF8_TT2T004_CLK1.550ns_TT_rs_decoder_plus_syndrome,rs_decoder_plus_syndrome,516,512,8,1.550000,8464.039695,9.266724,3.804066
N522_K512_GF8_TT2T010_CLK1.550ns_TT_rs_syndrome,rs_syndrome,522,512,8,1.550000,136.527119,1044.094116,0.186514
N528_K512_GF8_TT2T016_CLK1.550ns_TT_rs_encoder_wrapper,rs_encoder_wrapper,528,512,8,1.550000,351.115558,774.191467,0.64993
N532_K512_GF8_TT2T020_CLK1.550ns_TT_rs_decoder_plus_syndrome,rs_decoder_plus_syndrome,532,512,8,1.550000,9479.463776,10.14209,4.61354
N554_K512_GF8_TT2T042_CLK1.550ns_TT_rs_syndrome,rs_syndrome,554,512,8,1.550000,559.288797,773.471497,0.785083
N518_K512_GF8_TT2T006_CLK1.550ns_TT_rs_encoder_wrapper,rs_encoder_wrapper,518,512,8,1.550000,136.818719,835.136963,0.246877
N522_K512_GF8_TT2T010_CLK1.550ns_TT_rs_decoder_plus_syndrome,rs_decoder_plus_syndrome,522,512,8,1.550000,8841.690848,3.582642,4.065431
N528_K512_GF8_TT2T016_CLK1.550ns_TT_rs_syndrome,rs_syndrome,528,512,8,1.550000,217.256579,923.361084,0.302367
N538_K512_GF8_TT2T026_CLK1.550ns_TT_rs_encoder_wrapper,rs_encoder_wrapper,538,512,8,1.550000,560.294816,685.202271,1.042558
N554_K512_GF8_TT2T042_CLK1.550ns_TT_rs_decoder_plus_syndrome,rs_decoder_plus_syndrome,554,512,8,1.550000,10878.75009,0.268555,5.87689
N518_K512_GF8_TT2T006_CLK1.550ns_TT_rs_syndrome,rs_syndrome,518,512,8,1.550000,82.55196,1004.522034,0.108924
N524_K512_GF8_TT2T012_CLK1.550ns_TT_rs_encoder_wrapper,rs_encoder_wrapper,524,512,8,1.550000,266.289118,833.901062,0.487783
N528_K512_GF8_TT2T016_CLK1.550ns_TT_rs_decoder_plus_syndrome,rs_decoder_plus_syndrome,528,512,8,1.550000,9223.264021,3.819458,4.388538
N538_K512_GF8_TT2T026_CLK1.550ns_TT_rs_syndrome,rs_syndrome,538,512,8,1.550000,349.730458,758.262268,0.489691
N534_K512_GF8_TT2T022_CLK1.550ns_TT_rs_encoder_wrapper,rs_encoder_wrapper,534,512,8,1.550000,480.265197,642.842529,0.891391
N536_K512_GF8_TT2T024_CLK1.550ns_TT_rs_encoder_wrapper,rs_encoder_wrapper,536,512,8,1.550000,517.502517,578.628662,0.959865
N540_K512_GF8_TT2T028_CLK1.550ns_TT_rs_syndrome,rs_syndrome,540,512,8,1.550000,375.537058,919.710083,0.52555
N542_K512_GF8_TT2T030_CLK1.550ns_TT_rs_decoder_plus_syndrome,rs_decoder_plus_syndrome,542,512,8,1.550000,10125.211964,1.90686,5.255987
N548_K512_GF8_TT2T036_CLK1.550ns_TT_rs_encoder_wrapper,rs_encoder_wrapper,548,512,8,1.550000,770.990395,693.364929,1.429848
N550_K512_GF8_TT2T038_CLK1.550ns_TT_rs_syndrome,rs_syndrome,550,512,8,1.550000,505.022037,624.891235,0.704334
N552_K512_GF8_TT2T040_CLK1.550ns_TT_rs_decoder_plus_syndrome,rs_decoder_plus_syndrome,552,512,8,1.550000,10750.591892,0.01416,5.77031
N558_K512_GF8_TT2T046_CLK1.550ns_TT_rs_encoder_wrapper,rs_encoder_wrapper,558,512,8,1.550000,980.111334,539.995178,1.818859
N560_K512_GF8_TT2T048_CLK1.550ns_TT_rs_syndrome,rs_syndrome,560,512,8,1.550000,638.837277,555.4776,0.896254
N562_K512_GF8_TT2T050_CLK1.550ns_TT_rs_decoder_plus_syndrome,rs_decoder_plus_syndrome,562,512,8,1.550000,11382.43076,0.101318,6.301228
N566_K512_GF8_TT2T054_CLK1.550ns_TT_rs_encoder_wrapper,rs_encoder_wrapper,566,512,8,1.550000,1146.177533,502.930786,2.12222
N568_K512_GF8_TT2T056_CLK1.550ns_TT_rs_syndrome,rs_syndrome,568,512,8,1.550000,743.069696,757.38324,1.04297
N570_K512_GF8_TT2T058_CLK1.550ns_TT_rs_decoder_plus_syndrome,rs_decoder_plus_syndrome,570,512,8,1.550000,11879.73997,0.331665,6.719363
N574_K512_GF8_TT2T062_CLK1.550ns_TT_rs_encoder_wrapper,rs_encoder_wrapper,574,512,8,1.550000,1318.848472,568.584961,2.455219
N576_K512_GF8_TT2T064_CLK1.550ns_TT_rs_syndrome,rs_syndrome,576,512,8,1.550000,851.894815,603.174988,1.20381
N578_K512_GF8_TT2T066_CLK1.550ns_TT_rs_decoder_plus_syndrome,rs_decoder_plus_syndrome,578,512,8,1.550000,12384.703681,0.438721,7.155235
N582_K512_GF8_TT2T070_CLK1.550ns_TT_rs_encoder_wrapper,rs_encoder_wrapper,582,512,8,1.550000,1491.694371,442.505005,2.782588
N584_K512_GF8_TT2T072_CLK1.550ns_TT_rs_syndrome,rs_syndrome,584,512,8,1.550000,959.743075,623.132202,1.361068
N586_K512_GF8_TT2T074_CLK1.550ns_TT_rs_decoder_plus_syndrome,rs_decoder_plus_syndrome,586,512,8,1.550000,12901.156432,0.734985,7.596638
N590_K512_GF8_TT2T078_CLK1.550ns_TT_rs_encoder_wrapper,rs_encoder_wrapper,590,512,8,1.550000,1660.26833,520.173889,3.089391
N592_K512_GF8_TT2T080_CLK1.550ns_TT_rs_syndrome,rs_syndrome,592,512,8,1.550000,1069.457574,738.905579,1.525125
N594_K512_GF8_TT2T082_CLK1.550ns_TT_rs_decoder_plus_syndrome,rs_decoder_plus_syndrome,594,512,8,1.550000,13406.105562,0.220337,8.022008
N598_K512_GF8_TT2T086_CLK1.550ns_TT_rs_encoder_wrapper,rs_encoder_wrapper,598,512,8,1.550000,1835.140849,373.309937,3.418241
N600_K512_GF8_TT2T088_CLK1.550ns_TT_rs_syndrome,rs_syndrome,600,512,8,1.550000,1179.186653,544.554871,1.690148
N602_K512_GF8_TT2T090_CLK1.550ns_TT_rs_decoder_plus_syndrome,rs_decoder_plus_syndrome,602,512,8,1.550000,13920.692072,0.064209,8.462613
N536_K512_GF8_TT2T024_CLK1.550ns_TT_rs_syndrome,rs_syndrome,536,512,8,1.550000,324.419578,963.754883,0.45573
N540_K512_GF8_TT2T028_CLK1.550ns_TT_rs_decoder_plus_syndrome,rs_decoder_plus_syndrome,540,512,8,1.550000,9999.707327,0.025146,5.148112
N546_K512_GF8_TT2T034_CLK1.550ns_TT_rs_encoder_wrapper,rs_encoder_wrapper,546,512,8,1.550000,732.440875,571.299744,1.36925
N548_K512_GF8_TT2T036_CLK1.550ns_TT_rs_syndrome,rs_syndrome,548,512,8,1.550000,479.667417,844.961487,0.668297
N550_K512_GF8_TT2T038_CLK1.550ns_TT_rs_decoder_plus_syndrome,rs_decoder_plus_syndrome,550,512,8,1.550000,10629.825755,0.046265,5.632841
N556_K512_GF8_TT2T044_CLK1.550ns_TT_rs_encoder_wrapper,rs_encoder_wrapper,556,512,8,1.550000,941.430594,574.907349,1.748558
N558_K512_GF8_TT2T046_CLK1.550ns_TT_rs_syndrome,rs_syndrome,558,512,8,1.550000,612.593277,904.151367,0.861134
N560_K512_GF8_TT2T048_CLK1.550ns_TT_rs_decoder_plus_syndrome,rs_decoder_plus_syndrome,560,512,8,1.550000,11254.360042,0.565063,6.205332
N564_K512_GF8_TT2T052_CLK1.550ns_TT_rs_encoder_wrapper,rs_encoder_wrapper,564,512,8,1.550000,1100.687933,535.409851,2.038436
N566_K512_GF8_TT2T054_CLK1.550ns_TT_rs_syndrome,rs_syndrome,566,512,8,1.550000,715.907156,746.931702,1.003364
N568_K512_GF8_TT2T056_CLK1.550ns_TT_rs_decoder_plus_syndrome,rs_decoder_plus_syndrome,568,512,8,1.550000,11753.112673,1.592651,6.624129
N572_K512_GF8_TT2T060_CLK1.550ns_TT_rs_encoder_wrapper,rs_encoder_wrapper,572,512,8,1.550000,1270.486612,477.481445,2.359975
N574_K512_GF8_TT2T062_CLK1.550ns_TT_rs_syndrome,rs_syndrome,574,512,8,1.550000,823.857475,756.673218,1.163971
N576_K512_GF8_TT2T064_CLK1.550ns_TT_rs_decoder_plus_syndrome,rs_decoder_plus_syndrome,576,512,8,1.550000,12272.393943,0.353027,7.04452
N580_K512_GF8_TT2T068_CLK1.550ns_TT_rs_encoder_wrapper,rs_encoder_wrapper,580,512,8,1.550000,1441.466271,508.479919,2.677334
N582_K512_GF8_TT2T070_CLK1.550ns_TT_rs_syndrome,rs_syndrome,582,512,8,1.550000,932.332675,678.537537,1.322606
N584_K512_GF8_TT2T072_CLK1.550ns_TT_rs_decoder_plus_syndrome,rs_decoder_plus_syndrome,584,512,8,1.550000,12777.051474,0.081421,7.461348
N588_K512_GF8_TT2T076_CLK1.550ns_TT_rs_encoder_wrapper,rs_encoder_wrapper,588,512,8,1.550000,1617.69473,396.692383,3.012153
N590_K512_GF8_TT2T078_CLK1.550ns_TT_rs_syndrome,rs_syndrome,590,512,8,1.550000,1041.740994,493.056763,1.483649
N592_K512_GF8_TT2T080_CLK1.550ns_TT_rs_decoder_plus_syndrome,rs_decoder_plus_syndrome,592,512,8,1.550000,13284.625004,0.021729,7.920035
N596_K512_GF8_TT2T084_CLK1.550ns_TT_rs_encoder_wrapper,rs_encoder_wrapper,596,512,8,1.550000,1790.817649,459.574585,3.348423
N598_K512_GF8_TT2T086_CLK1.550ns_TT_rs_syndrome,rs_syndrome,598,512,8,1.550000,1151.776254,709.001709,1.648257
N600_K512_GF8_TT2T088_CLK1.550ns_TT_rs_decoder_plus_syndrome,rs_decoder_plus_syndrome,600,512,8,1.550000,13801.967134,0.319336,8.36483
N536_K512_GF8_TT2T024_CLK1.550ns_TT_rs_decoder_plus_syndrome,rs_decoder_plus_syndrome,536,512,8,1.550000,9746.758911,1.726196,4.914733
N542_K512_GF8_TT2T030_CLK1.550ns_TT_rs_encoder_wrapper,rs_encoder_wrapper,542,512,8,1.550000,644.625536,612.802856,1.20146
N546_K512_GF8_TT2T034_CLK1.550ns_TT_rs_syndrome,rs_syndrome,546,512,8,1.550000,453.131818,571.865601,0.633127
N548_K512_GF8_TT2T036_CLK1.550ns_TT_rs_decoder_plus_syndrome,rs_decoder_plus_syndrome,548,512,8,1.550000,10506.085297,0.689941,5.570506
N552_K512_GF8_TT2T040_CLK1.550ns_TT_rs_encoder_wrapper,rs_encoder_wrapper,552,512,8,1.550000,857.843455,523.670715,1.593451
N556_K512_GF8_TT2T044_CLK1.550ns_TT_rs_syndrome,rs_syndrome,556,512,8,1.550000,586.961637,850.123962,0.824584
N558_K512_GF8_TT2T046_CLK1.550ns_TT_rs_decoder_plus_syndrome,rs_decoder_plus_syndrome,558,512,8,1.550000,11129.292805,0.131592,6.083206
N562_K512_GF8_TT2T050_CLK1.550ns_TT_rs_encoder_wrapper,rs_encoder_wrapper,562,512,8,1.550000,1065.331433,520.797607,1.96869
N564_K512_GF8_TT2T052_CLK1.550ns_TT_rs_syndrome,rs_syndrome,564,512,8,1.550000,689.517356,604.220642,0.966619
N566_K512_GF8_TT2T054_CLK1.550ns_TT_rs_decoder_plus_syndrome,rs_decoder_plus_syndrome,566,512,8,1.550000,11627.972535,0.241699,6.506004
N570_K512_GF8_TT2T058_CLK1.550ns_TT_rs_encoder_wrapper,rs_encoder_wrapper,570,512,8,1.550000,1230.406192,520.950195,2.287006
N572_K512_GF8_TT2T060_CLK1.550ns_TT_rs_syndrome,rs_syndrome,572,512,8,1.550000,797.657216,751.740051,1.123572
N574_K512_GF8_TT2T062_CLK1.550ns_TT_rs_decoder_plus_syndrome,rs_decoder_plus_syndrome,574,512,8,1.550000,12136.216746,0.071777,6.946992
N578_K512_GF8_TT2T066_CLK1.550ns_TT_rs_encoder_wrapper,rs_encoder_wrapper,578,512,8,1.550000,1406.532591,444.113525,2.632493
N580_K512_GF8_TT2T068_CLK1.550ns_TT_rs_syndrome,rs_syndrome,580,512,8,1.550000,905.155555,569.66217,1.282117
N582_K512_GF8_TT2T070_CLK1.550ns_TT_rs_decoder_plus_syndrome,rs_decoder_plus_syndrome,582,512,8,1.550000,12645.787736,0.756958,7.352556
N586_K512_GF8_TT2T074_CLK1.550ns_TT_rs_encoder_wrapper,rs_encoder_wrapper,586,512,8,1.550000,1578.78071,405.015137,2.947803
N588_K512_GF8_TT2T076_CLK1.550ns_TT_rs_syndrome,rs_syndrome,588,512,8,1.550000,1013.674494,625.21637,1.441457
N590_K512_GF8_TT2T078_CLK1.550ns_TT_rs_decoder_plus_syndrome,rs_decoder_plus_syndrome,590,512,8,1.550000,13154.323547,0.515381,7.810243
N594_K512_GF8_TT2T082_CLK1.550ns_TT_rs_encoder_wrapper,rs_encoder_wrapper,594,512,8,1.550000,1753.011709,333.782104,3.280872
N596_K512_GF8_TT2T084_CLK1.550ns_TT_rs_syndrome,rs_syndrome,596,512,8,1.550000,1124.774094,663.683167,1.608611
N598_K512_GF8_TT2T086_CLK1.550ns_TT_rs_decoder_plus_syndrome,rs_decoder_plus_syndrome,598,512,8,1.550000,13669.434937,0.626709,8.208683
N602_K512_GF8_TT2T090_CLK1.550ns_TT_rs_encoder_wrapper,rs_encoder_wrapper,602,512,8,1.550000,1919.486148,268.733521,3.578615
N540_K512_GF8_TT2T028_CLK1.550ns_TT_rs_encoder_wrapper,rs_encoder_wrapper,540,512,8,1.550000,603.641156,695.339783,1.117913
N542_K512_GF8_TT2T030_CLK1.550ns_TT_rs_syndrome,rs_syndrome,542,512,8,1.550000,401.562358,918.612793,0.561464
N546_K512_GF8_TT2T034_CLK1.550ns_TT_rs_decoder_plus_syndrome,rs_decoder_plus_syndrome,546,512,8,1.550000,10377.737559,0.097046,5.463562
N550_K512_GF8_TT2T038_CLK1.550ns_TT_rs_encoder_wrapper,rs_encoder_wrapper,550,512,8,1.550000,814.701235,592.340393,1.514572
N552_K512_GF8_TT2T040_CLK1.550ns_TT_rs_syndrome,rs_syndrome,552,512,8,1.550000,532.665717,916.206299,0.743884
N556_K512_GF8_TT2T044_CLK1.550ns_TT_rs_decoder_plus_syndrome,rs_decoder_plus_syndrome,556,512,8,1.550000,11011.238547,0.181641,5.967772
N560_K512_GF8_TT2T048_CLK1.550ns_TT_rs_encoder_wrapper,rs_encoder_wrapper,560,512,8,1.550000,1021.985094,463.519775,1.90005
N562_K512_GF8_TT2T050_CLK1.550ns_TT_rs_syndrome,rs_syndrome,562,512,8,1.550000,663.710756,773.796265,0.930818
N564_K512_GF8_TT2T052_CLK1.550ns_TT_rs_decoder_plus_syndrome,rs_decoder_plus_syndrome,564,512,8,1.550000,11501.768058,0.335571,6.410692
N568_K512_GF8_TT2T056_CLK1.550ns_TT_rs_encoder_wrapper,rs_encoder_wrapper,568,512,8,1.550000,1188.663653,520.429932,2.211583
N570_K512_GF8_TT2T058_CLK1.550ns_TT_rs_syndrome,rs_syndrome,570,512,8,1.550000,770.101016,831.460754,1.083069
N572_K512_GF8_TT2T060_CLK1.550ns_TT_rs_decoder_plus_syndrome,rs_decoder_plus_syndrome,572,512,8,1.550000,12007.402448,0.597412,6.830099
N576_K512_GF8_TT2T064_CLK1.550ns_TT_rs_encoder_wrapper,rs_encoder_wrapper,576,512,8,1.550000,1358.126992,455.133911,2.5213
N578_K512_GF8_TT2T066_CLK1.550ns_TT_rs_syndrome,rs_syndrome,578,512,8,1.550000,878.226295,676.821289,1.243021
N580_K512_GF8_TT2T068_CLK1.550ns_TT_rs_decoder_plus_syndrome,rs_decoder_plus_syndrome,580,512,8,1.550000,12515.909098,0.218994,7.258834
N584_K512_GF8_TT2T072_CLK1.550ns_TT_rs_encoder_wrapper,rs_encoder_wrapper,584,512,8,1.550000,1532.547531,412.229614,2.856935
N586_K512_GF8_TT2T074_CLK1.550ns_TT_rs_syndrome,rs_syndrome,586,512,8,1.550000,985.622575,614.30426,1.400217
N588_K512_GF8_TT2T076_CLK1.550ns_TT_rs_decoder_plus_syndrome,rs_decoder_plus_syndrome,588,512,8,1.550000,13018.204669,0.122192,7.701991
N592_K512_GF8_TT2T080_CLK1.550ns_TT_rs_encoder_wrapper,rs_encoder_wrapper,592,512,8,1.550000,1707.886609,319.581909,3.191676
N594_K512_GF8_TT2T082_CLK1.550ns_TT_rs_syndrome,rs_syndrome,594,512,8,1.550000,1096.911714,663.047668,1.567453
N596_K512_GF8_TT2T084_CLK1.550ns_TT_rs_decoder_plus_syndrome,rs_decoder_plus_syndrome,596,512,8,1.550000,13538.623179,0.043335,8.133509
N600_K512_GF8_TT2T088_CLK1.550ns_TT_rs_encoder_wrapper,rs_encoder_wrapper,600,512,8,1.550000,1875.848209,479.255615,3.482145
N602_K512_GF8_TT2T090_CLK1.550ns_TT_rs_syndrome,rs_syndrome,602,512,8,1.550000,1206.159653,639.237732,1.73006
