tech,BER Target,input_preFEC_BER,n,t,rate,energy,p_correctable,m_bits
ASAP7,9.999999999999999e-31,0.00103125,86,23,0.4651162790697674,0.9155696808109053,0.5082899608980578,8
ASAP7,9.999999999999999e-31,0.00087109375,86,22,0.4883720930232558,0.862400556807364,0.4509543448538827,8
ASAP7,9.999999999999999e-31,0.000728515625,86,21,0.5116279069767442,0.8098805789986525,0.39431874404751405,8
ASAP7,9.999999999999999e-31,0.000599609375,86,20,0.5348837209302325,0.7577558731670979,0.33810938991607237,8
ASAP7,9.999999999999999e-31,0.0004853515625,86,19,0.5581395348837209,0.7075306059352464,0.28394832009047716,8
ASAP7,9.999999999999999e-31,0.00038623046875,86,18,0.5813953488372093,0.660646857963172,0.23339062099692645,8
ASAP7,9.999999999999999e-31,0.00030078125,86,17,0.6046511627906976,0.6175854976433196,0.18695484331748802,8
ASAP7,9.999999999999999e-31,0.0002285156249999,86,16,0.627906976744186,0.5791414822296566,0.1454982395410684,8
ASAP7,9.999999999999999e-31,0.000168701171875,86,15,0.6511627906976745,0.5458450752264704,0.10959262621070567,8
ASAP7,9.999999999999999e-31,0.0001201171875,86,14,0.6744186046511628,0.517774737020241,0.0793226121041104,8
ASAP7,9.999999999999999e-31,8.215332031249999e-05,86,13,0.6976744186046512,0.4951788222677066,0.05495601369387641,8
ASAP7,9.999999999999999e-31,5.334472656250001e-05,86,12,0.7209302325581395,0.47763443141729944,0.03603679175106453,8
ASAP7,9.999999999999999e-31,3.2470703125e-05,86,11,0.7441860465116279,0.4647034612597592,0.022092511984822136,8
ASAP7,9.999999999999999e-31,1.8249511718750003e-05,86,10,0.7674418604651163,0.45578695700198124,0.012477283707859015,8
ASAP7,9.999999999999999e-31,9.2315673828125e-06,86,9,0.7906976744186046,0.45008751886376613,0.006331220501354753,8
ASAP7,9.999999999999999e-31,4.0740966796875e-06,86,8,0.813953488372093,0.44681203466239267,0.002799059532966357,8
ASAP7,9.999999999999999e-31,1.48773193359375e-06,86,7,0.8372093023255814,0.4451650726828406,0.001023036672543408,8
ASAP7,9.999999999999999e-31,4.1580200195312505e-07,86,6,0.8604651162790697,0.4444816240197467,0.0002860309221675753,8
ASAP7,9.999999999999999e-31,7.832050323486327e-08,86,5,0.8837209302325582,0.4442663459865617,5.38830565638527e-05,8
ASAP7,9.999999999999999e-31,7.852911949157715e-09,86,4,0.9069767441860463,0.44422138870620737,5.402788869124566e-06,8
ASAP7,9.999999999999999e-31,2.6496127247810367e-10,86,3,0.9302325581395348,0.44421654757615153,1.8229334087591425e-07,8
ASAP7,9.999999999999999e-31,1.0295480024069549e-12,86,2,0.9534883720930232,0.44421637918662205,7.083027495377239e-10,8
ASAP7,9.999999999999999e-31,5.551115123125783e-17,86,1,0.9767441860465116,0.44421637852979057,0.0,8
ASAP7,9.999999999999999e-31,9.999999999999999e-31,86,0,1.0,0.0,0.0,8
ASAP7,9.999999999999999e-26,0.001693359375,86,23,0.4651162790697674,1.0825867184855151,0.6883949546216548,8
ASAP7,9.999999999999999e-26,0.001458984375,86,22,0.4883720930232558,1.0319382335541643,0.6337775024881628,8
ASAP7,9.999999999999999e-26,0.001244140625,86,21,0.5116279069767442,0.9777611706732345,0.5753549624527988,8
ASAP7,9.999999999999999e-26,0.001048828125,86,20,0.5348837209302325,0.9210566281962794,0.5142068819389507,8
ASAP7,9.999999999999999e-26,0.000873046875,86,19,0.5581395348837209,0.863084860439743,0.45169227257150124,8
ASAP7,9.999999999999999e-26,0.00071484375,86,18,0.5813953488372093,0.8045686186161791,0.3885905225159522,8
ASAP7,9.999999999999999e-26,0.0005751953125,86,17,0.6046511627906976,0.747352850063812,0.32689115471797214,8
ASAP7,9.999999999999999e-26,0.0004531249999999,86,16,0.627906976744186,0.6926366051461187,0.26788718072413764,8
ASAP7,9.999999999999999e-26,0.0003486328125,86,15,0.6511627906976745,0.6420110110573655,0.21329441322833156,8
ASAP7,9.999999999999999e-26,0.00026025390625,86,14,0.6744186046511628,0.5962610120940909,0.16395930711665274,8
ASAP7,9.999999999999999e-26,0.000187744140625,86,13,0.6976744186046512,0.556594417775497,0.12118431948511912,8
ASAP7,9.999999999999999e-26,0.000129638671875,86,12,0.7209302325581395,0.523350033259864,0.08533480528047846,8
ASAP7,9.999999999999999e-26,8.49609375e-05,86,11,0.7441860465116279,0.49687015964819015,0.056779889344754315,8
ASAP7,9.999999999999999e-26,5.2062988281250006e-05,86,10,0.7674418604651163,0.4768457571408242,0.03518631459261279,8
ASAP7,9.999999999999999e-26,2.923583984375e-05,86,9,0.7906976744186046,0.4626828910481495,0.019913603830619082,8
ASAP7,9.999999999999999e-26,1.46484375e-05,86,8,0.813953488372093,0.4535152731986844,0.010027583947695169,8
ASAP7,9.999999999999999e-26,6.278991699218751e-06,86,7,0.8372093023255814,0.44821377295900316,0.00431064224709051,8
ASAP7,9.999999999999999e-26,2.155303955078125e-06,86,6,0.8604651162790697,0.4455904537157946,0.0014817518391935158,8
ASAP7,9.999999999999999e-26,5.340576171875e-07,86,5,0.8837209302325582,0.4445570469727508,0.0003673642440043077,8
ASAP7,9.999999999999999e-26,7.855892181396483e-08,86,4,0.9069767441860463,0.44426649809042135,5.4047079738163656e-05,8
ASAP7,9.999999999999999e-26,4.70876693725586e-09,86,3,0.9302325581395348,0.44421938273747075,3.2396264052960107e-06,8
ASAP7,9.999999999999999e-26,4.7788489609956745e-11,86,2,0.9534883720930232,0.44421640901901,3.2878446097702426e-08,8
ASAP7,9.999999999999999e-26,6.046718681318453e-15,86,1,0.9767441860465116,0.4442163785336155,4.124700581070774e-12,8
ASAP7,9.999999999999999e-26,9.999999999999999e-26,86,0,1.0,0.0,0.0,8
ASAP7,1e-20,0.00280859375,86,23,0.4651162790697674,1.2376228916140903,0.8555802273161266,8
ASAP7,1e-20,0.00246875,86,22,0.4883720930232558,1.2022413305800397,0.8174260610305064,8
ASAP7,1e-20,0.0021484375,86,21,0.5116279069767442,1.1603921471948078,0.7722974501062769,8
ASAP7,1e-20,0.00185546875,86,20,0.5348837209302325,1.1131339245951761,0.7213359314300962,8
ASAP7,1e-20,0.001583984375,86,19,0.5581395348837209,1.0599648638663792,0.6640003836190643,8
ASAP7,1e-20,0.0013359374999999,86,18,0.5813953488372093,1.0018923457944142,0.6013771288392631,8
ASAP7,1e-20,0.001109375,86,17,0.6046511627906976,0.9394563649048226,0.5340484772069992,8
ASAP7,1e-20,0.0009062499999999,86,16,0.627906976744186,0.8745785090089853,0.46408659791846135,8
ASAP7,1e-20,0.0007255859375,86,15,0.6511627906976745,0.8087465012211343,0.3930957965336207,8
ASAP7,1e-20,0.0005673828125,86,14,0.6744186046511628,0.7439868406696015,0.3232613747311008,8
ASAP7,1e-20,0.000431640625,86,13,0.6976744186046512,0.6825224072232476,0.2569804039139366,8
ASAP7,1e-20,0.0003173828124999,86,12,0.7209302325581395,0.6261508002725183,0.19619134875280783,8
ASAP7,1e-20,0.0002231445312499,86,11,0.7441860465116279,0.5762072120633833,0.14233403116306104,8
ASAP7,1e-20,0.00014892578125,86,10,0.7674418604651163,0.534532422218347,0.0973934797799398,8
ASAP7,1e-20,9.27734375e-05,86,9,0.7906976744186046,0.5015593557080426,0.06183654487335862,8
ASAP7,1e-20,5.2795410156250006e-05,86,8,0.813953488372093,0.47729651319585975,0.035672393244188506,8
ASAP7,1e-20,2.6489257812500003e-05,86,7,0.8372093023255814,0.4609637840649043,0.01805978246761068,8
ASAP7,1e-20,1.11846923828125e-05,86,6,0.8604651162790697,0.45132491232109917,0.007665579821634257,8
ASAP7,1e-20,3.63922119140625e-06,86,5,0.8837209302325582,0.4465353164681363,0.0025006568709765985,8
ASAP7,1e-20,7.867813110351563e-07,86,4,0.9069767441860463,0.44471821258344296,0.000541159275375468,8
ASAP7,1e-20,8.380413055419921e-08,86,3,0.9302325581395348,0.4442698443683771,5.765558207184946e-05,8
ASAP7,1e-20,2.216547727584839e-09,86,2,0.9534883720930232,0.4442177926952203,1.5249836747066426e-06,8
ASAP7,1e-20,1.917214831337333e-12,86,1,0.9767441860465116,0.44421637975300016,1.3190639674432977e-09,8
ASAP7,1e-20,1e-20,86,0,1.0,0.0,0.0,8
ASAP7,1e-15,0.0047421875,86,23,0.4651162790697674,1.336316926555014,0.9620082228732155,8
ASAP7,1e-15,0.00425,86,22,0.4883720930232558,1.3220425874627098,0.946615303752972,8
ASAP7,1e-15,0.00378125,86,21,0.5116279069767442,1.3031131833909257,0.9262025347983326,8
ASAP7,1e-15,0.00334375,86,20,0.5348837209302325,1.278978707125434,0.9001768085799858,8
ASAP7,1e-15,0.0029296875,86,19,0.5581395348837209,1.248357911964483,0.8671564760614607,8
ASAP7,1e-15,0.0025390624999999,86,18,0.5813953488372093,1.210256178278149,0.8260689762352168,8
ASAP7,1e-15,0.00217578125,86,17,0.6046511627906976,1.1643358296253927,0.7765501713214151,8
ASAP7,1e-15,0.00183984375,86,16,0.627906976744186,1.1103357914125405,0.7183185281381147,8
ASAP7,1e-15,0.00153515625,86,15,0.6511627906976745,1.0493029099544833,0.6525029270175142,8
ASAP7,1e-15,0.0012558593749999,86,14,0.6744186046511628,0.9809272533309259,0.5787691488443862,8
ASAP7,1e-15,0.001005859375,86,13,0.6976744186046512,0.9075260672688223,0.4996160256715553,8
ASAP7,1e-15,0.00078515625,86,12,0.7209302325581395,0.8313630186261025,0.417484612081932,8
ASAP7,1e-15,0.00059375,86,11,0.7441860465116279,0.755275046750074,0.33543415849963487,8
ASAP7,1e-15,0.0004306640625,86,10,0.7674418604651163,0.6820591128499831,0.2564808044039061,8
ASAP7,1e-15,0.000296875,86,9,0.7906976744186046,0.6155558911243242,0.18476619074374764,8
ASAP7,1e-15,0.00019140625,86,8,0.813953488372093,0.5586455223810097,0.12339615479992108,8
ASAP7,1e-15,0.0001125488281249,86,7,0.8372093023255814,0.5133169991862476,0.07451555256221519,8
ASAP7,1e-15,5.810546875e-05,86,6,0.8604651162790697,0.4805577200394174,0.03918915803817693,8
ASAP7,1e-15,2.484130859375e-05,86,5,0.8837209302325582,0.45993076173802133,0.016945809412585795,8
ASAP7,1e-15,7.87353515625e-06,86,4,0.9069767441860463,0.4492261646172051,0.005402367952353696,8
ASAP7,1e-15,1.4896392822265626e-06,86,3,0.9302325581395348,0.4451662883350938,0.0010243475869535638,8
ASAP7,1e-15,1.0299682617187501e-07,86,2,0.9534883720930232,0.4442820886008864,7.085930936790837e-05,8
ASAP7,1e-15,6.062909960746763e-10,86,1,0.9767441860465116,0.44421676534577753,4.1712804799229194e-07,8
ASAP7,1e-15,1e-15,86,0,1.0,0.0,0.0,8
ASAP7,1e-12,0.006609375,86,23,0.4651162790697674,1.3618688142594555,0.9895624331424717,8
ASAP7,1e-12,0.0059921875,86,22,0.4883720930232558,1.3567085140339081,0.9839977563126455,8
ASAP7,1e-12,0.0053984375,86,21,0.5116279069767442,1.3491688621427058,0.9758672746836475,8
ASAP7,1e-12,0.0048359375,86,20,0.5348837209302325,1.3385278403749865,0.9643923905318789,8
ASAP7,1e-12,0.004296875,86,19,0.5581395348837209,1.3236202980887015,0.9483166485160462,8
ASAP7,1e-12,0.0037890625,86,18,0.5813953488372093,1.3034814232901488,0.9265996310806145,8
ASAP7,1e-12,0.0033125,86,17,0.6046511627906976,1.2769601297226791,0.8980000493971172,8
ASAP7,1e-12,0.00286328125,86,16,0.627906976744186,1.2425820037671091,0.8609279503725861,8
ASAP7,1e-12,0.00244140625,86,15,0.6511627906976745,1.1990181144214405,0.8139502639855051,8
ASAP7,1e-12,0.0020546875,86,14,0.6744186046511628,1.1462931774311096,0.7570936427812589,8
ASAP7,1e-12,0.0016953125,86,13,0.6976744186046512,1.082975407421398,0.6888141023884472,8
ASAP7,1e-12,0.00137109375,86,12,0.7209302325581395,1.0107379537442993,0.6109159051609895,8
ASAP7,1e-12,0.001080078125,86,11,0.7441860465116279,0.9306489140780076,0.5245508481149611,8
ASAP7,1e-12,0.00082421875,86,10,0.7674418604651163,0.845698525975698,0.4329434927875858,8
ASAP7,1e-12,0.000603515625,86,9,0.7906976744186046,0.7594042148493675,0.3398869005968562,8
ASAP7,1e-12,0.00041845703125,86,8,0.813953488372093,0.6762416197594032,0.25020743510485743,8
ASAP7,1e-12,0.00026953125,86,7,0.8372093023255814,0.6011950665737149,0.16928000890526831,8
ASAP7,1e-12,0.0001572265624999,86,6,0.8604651162790697,0.5392996693379336,0.10253430268343762,8
ASAP7,1e-12,7.897949218749999e-05,86,5,0.8837209302325582,0.4932629428572174,0.05289000022599544,8
ASAP7,1e-12,3.13720703125e-05,86,4,0.9069767441860463,0.4640177333445633,0.02135304837331287,8
ASAP7,1e-12,8.392333984375e-06,86,3,0.9302325581395348,0.44955531611950256,0.005757312753679221,8
ASAP7,1e-12,1.02996826171875e-06,86,2,0.9534883720930232,0.4448732700043807,0.0007083674609212119,8
ASAP7,1e-12,1.9162893295288083e-08,86,1,0.9767441860465116,0.44422860437386286,1.3183897885886736e-05,8
ASAP7,1e-12,1e-12,86,0,1.0,0.0,0.0,8
NanGate45,9.999999999999999e-31,0.00103125,86,23,0.4651162790697674,0.9156114562785778,0.5082899608980578,8
NanGate45,9.999999999999999e-31,0.00087109375,86,22,0.4883720930232558,0.862466429214101,0.4509543448538827,8
NanGate45,9.999999999999999e-31,0.000728515625,86,21,0.5116279069767442,0.809970254142949,0.39431874404751405,8
NanGate45,9.999999999999999e-31,0.000599609375,86,20,0.5348837209302325,0.7578691719065489,0.33810938991607237,8
NanGate45,9.999999999999999e-31,0.0004853515625,86,19,0.5581395348837209,0.7076666674195548,0.28394832009047716,8
NanGate45,9.999999999999999e-31,0.00038623046875,86,18,0.5813953488372093,0.660804167772315,0.23339062099692645,8
NanGate45,9.999999999999999e-31,0.00030078125,86,17,0.6046511627906976,0.6177623234214598,0.18695484331748802,8
NanGate45,9.999999999999999e-31,0.0002285156249999,86,16,0.627906976744186,0.5793357313359817,0.1454982395410684,8
NanGate45,9.999999999999999e-31,0.000168701171875,86,15,0.6511627906976745,0.5460544146978459,0.10959262621070567,8
NanGate45,9.999999999999999e-31,0.0001201171875,86,14,0.6744186046511628,0.5179967983342639,0.0793226121041104,8
NanGate45,9.999999999999999e-31,8.215332031249999e-05,86,13,0.6976744186046512,0.4954111243444109,0.05495601369387641,8
NanGate45,9.999999999999999e-31,5.334472656250001e-05,86,12,0.7209302325581395,0.4778746848403005,0.03603679175106453,8
NanGate45,9.999999999999999e-31,3.2470703125e-05,86,11,0.7441860465116279,0.46494957516674923,0.022092511984822136,8
NanGate45,9.999999999999999e-31,1.8249511718750003e-05,86,10,0.7674418604651163,0.45603711198476093,0.012477283707859015,8
NanGate45,9.999999999999999e-31,9.2315673828125e-06,86,9,0.7906976744186046,0.4503402569060958,0.006331220501354753,8
NanGate45,9.999999999999999e-31,4.0740966796875e-06,86,8,0.813953488372093,0.4470662571967971,0.002799059532966357,8
NanGate45,9.999999999999999e-31,1.48773193359375e-06,86,7,0.8372093023255814,0.44542004164185156,0.001023036672543408,8
NanGate45,9.999999999999999e-31,4.1580200195312505e-07,86,6,0.8604651162790697,0.4447369027265878,0.0002860309221675753,8
NanGate45,9.999999999999999e-31,7.832050323486327e-08,86,5,0.8837209302325582,0.44452172226020953,5.38830565638527e-05,8
NanGate45,9.999999999999999e-31,7.852911949157715e-09,86,4,0.9069767441860463,0.44447678535507984,5.402788869124566e-06,8
NanGate45,9.999999999999999e-31,2.6496127247810367e-10,86,3,0.9302325581395348,0.44447194641908716,1.8229334087591425e-07,8
NanGate45,9.999999999999999e-31,1.0295480024069549e-12,86,2,0.9534883720930232,0.44447177810587396,7.083027495377239e-10,8
NanGate45,9.999999999999999e-31,5.551115123125783e-17,86,1,0.9767441860465116,0.4444717774493402,0.0,8
NanGate45,9.999999999999999e-31,9.999999999999999e-31,86,0,1.0,0.0,0.0,8
NanGate45,9.999999999999999e-26,0.001693359375,86,23,0.4651162790697674,1.082552799657767,0.6883949546216548,8
NanGate45,9.999999999999999e-26,0.001458984375,86,22,0.4883720930232558,1.0319272692790438,0.6337775024881628,8
NanGate45,9.999999999999999e-26,0.001244140625,86,21,0.5116279069767442,0.9777747601481974,0.5753549624527988,8
NanGate45,9.999999999999999e-26,0.001048828125,86,20,0.5348837209302325,0.921095916907977,0.5142068819389507,8
NanGate45,9.999999999999999e-26,0.000873046875,86,19,0.5581395348837209,0.8631504227111666,0.45169227257150124,8
NanGate45,9.999999999999999e-26,0.00071484375,86,18,0.5813953488372093,0.8046607012100631,0.3885905225159522,8
NanGate45,9.999999999999999e-26,0.0005751953125,86,17,0.6046511627906976,0.7474708635887424,0.32689115471797214,8
NanGate45,9.999999999999999e-26,0.0004531249999999,86,16,0.627906976744186,0.6927794167854497,0.26788718072413764,8
NanGate45,9.999999999999999e-26,0.0003486328125,86,15,0.6511627906976745,0.6421767668748963,0.21329441322833156,8
NanGate45,9.999999999999999e-26,0.00026025390625,86,14,0.6744186046511628,0.5964475024066482,0.16395930711665274,8
NanGate45,9.999999999999999e-26,0.000187744140625,86,13,0.6976744186046512,0.5567988855049124,0.12118431948511912,8
NanGate45,9.999999999999999e-26,0.000129638671875,86,12,0.7209302325581395,0.5235695677770613,0.08533480528047846,8
NanGate45,9.999999999999999e-26,8.49609375e-05,86,11,0.7441860465116279,0.4971016951887787,0.056779889344754315,8
NanGate45,9.999999999999999e-26,5.2062988281250006e-05,86,10,0.7674418604651163,0.477086368001273,0.03518631459261279,8
NanGate45,9.999999999999999e-26,2.923583984375e-05,86,9,0.7906976744186046,0.46292992070385985,0.019913603830619082,8
NanGate45,9.999999999999999e-26,1.46484375e-05,86,8,0.813953488372093,0.45376645773813273,0.010027583947695169,8
NanGate45,9.999999999999999e-26,6.278991699218751e-06,86,7,0.8372093023255814,0.44846736020736616,0.00431064224709051,8
NanGate45,9.999999999999999e-26,2.155303955078125e-06,86,6,0.8604651162790697,0.44584522988658454,0.0014817518391935158,8
NanGate45,9.999999999999999e-26,5.340576171875e-07,86,5,0.8837209302325582,0.4448122914969278,0.0003673642440043077,8
NanGate45,9.999999999999999e-26,7.855892181396483e-08,86,4,0.9069767441860463,0.4445218742951337,5.4047079738163656e-05,8
NanGate45,9.999999999999999e-26,4.70876693725586e-09,86,3,0.9302325581395348,0.4444747802954744,3.2396264052960107e-06,8
NanGate45,9.999999999999999e-26,4.7788489609956745e-11,86,2,0.9534883720930232,0.4444718079247415,3.2878446097702426e-08,8
NanGate45,9.999999999999999e-26,6.046718681318453e-15,86,1,0.9767441860465116,0.4444717774531634,4.124700581070774e-12,8
NanGate45,9.999999999999999e-26,9.999999999999999e-26,86,0,1.0,0.0,0.0,8
NanGate45,1e-20,0.00280859375,86,23,0.4651162790697674,1.2375187083746806,0.8555802273161266,8
NanGate45,1e-20,0.00246875,86,22,0.4883720930232558,1.2021531827246281,0.8174260610305064,8
NanGate45,1e-20,0.0021484375,86,21,0.5116279069767442,1.1603229659340286,0.7722974501062769,8
NanGate45,1e-20,0.00185546875,86,20,0.5348837209302325,1.113086161376007,0.7213359314300962,8
NanGate45,1e-20,0.001583984375,86,19,0.5581395348837209,1.0599411975575976,0.6640003836190643,8
NanGate45,1e-20,0.0013359374999999,86,18,0.5813953488372093,1.001894998706713,0.6013771288392631,8
NanGate45,1e-20,0.001109375,86,17,0.6046511627906976,0.9394873146163472,0.5340484772069992,8
NanGate45,1e-20,0.0009062499999999,86,16,0.627906976744186,0.8746388622092723,0.46408659791846135,8
NanGate45,1e-20,0.0007255859375,86,15,0.6511627906976745,0.808836690344241,0.3930957965336207,8
NanGate45,1e-20,0.0005673828125,86,14,0.6744186046511628,0.7441063797138026,0.3232613747311008,8
NanGate45,1e-20,0.000431640625,86,13,0.6976744186046512,0.6826698027487269,0.2569804039139366,8
NanGate45,1e-20,0.0003173828124999,86,12,0.7209302325581395,0.6263237441440183,0.19619134875280783,8
NanGate45,1e-20,0.0002231445312499,86,11,0.7441860465116279,0.5764027910191412,0.14233403116306104,8
NanGate45,1e-20,0.00014892578125,86,10,0.7674418604651163,0.5347468887313148,0.0973934797799398,8
NanGate45,1e-20,9.27734375e-05,86,9,0.7906976744186046,0.5017887660439407,0.06183654487335862,8
NanGate45,1e-20,5.2795410156250006e-05,86,8,0.813953488372093,0.4775369197677972,0.035672393244188506,8
NanGate45,1e-20,2.6489257812500003e-05,86,7,0.8372093023255814,0.46121159284227586,0.01805978246761068,8
NanGate45,1e-20,1.11846923828125e-05,86,6,0.8604651162790697,0.45157708956060766,0.007665579821634257,8
NanGate45,1e-20,3.63922119140625e-06,86,5,0.8837209302325582,0.44678966441482826,0.0025006568709765985,8
NanGate45,1e-20,7.867813110351563e-07,86,4,0.9069767441860463,0.44497338406526743,0.000541159275375468,8
NanGate45,1e-20,8.380413055419921e-08,86,3,0.9302325581395348,0.4445252190565127,5.765558207184946e-05,8
NanGate45,1e-20,2.216547727584839e-09,86,2,0.9534883720930232,0.4444731909738518,1.5249836747066426e-06,8
NanGate45,1e-20,1.917214831337333e-12,86,1,0.9767441860465116,0.4444717786719954,1.3190639674432977e-09,8
NanGate45,1e-20,1e-20,86,0,1.0,0.0,0.0,8
NanGate45,1e-15,0.0047421875,86,23,0.4651162790697674,1.3361680138943364,0.9620082228732155,8
NanGate45,1e-15,0.00425,86,22,0.4883720930232558,1.3219001441183083,0.946615303752972,8
NanGate45,1e-15,0.00378125,86,21,0.5116279069767442,1.3029793190988403,0.9262025347983326,8
NanGate45,1e-15,0.00334375,86,20,0.5348837209302325,1.2788557808921341,0.9001768085799858,8
NanGate45,1e-15,0.0029296875,86,19,0.5581395348837209,1.24824886347412,0.8671564760614607,8
NanGate45,1e-15,0.0025390624999999,86,18,0.5813953488372093,1.210164397989437,0.8260689762352168,8
NanGate45,1e-15,0.00217578125,86,17,0.6046511627906976,1.1642648610364037,0.7765501713214151,8
NanGate45,1e-15,0.00183984375,86,16,0.627906976744186,1.1102892963437512,0.7183185281381147,8
NanGate45,1e-15,0.00153515625,86,15,0.6511627906976745,1.0492840757819941,0.6525029270175142,8
NanGate45,1e-15,0.0012558593749999,86,14,0.6744186046511628,0.9809394078960175,0.5787691488443862,8
NanGate45,1e-15,0.001005859375,86,13,0.6976744186046512,0.9075714882068503,0.4996160256715553,8
NanGate45,1e-15,0.00078515625,86,12,0.7209302325581395,0.8314429576491376,0.417484612081932,8
NanGate45,1e-15,0.00059375,86,11,0.7441860465116279,0.7553894698323483,0.33543415849963487,8
NanGate45,1e-15,0.0004306640625,86,10,0.7674418604651163,0.6822067183465027,0.2564808044039061,8
NanGate45,1e-15,0.000296875,86,9,0.7906976744186046,0.6157336367465569,0.18476619074374764,8
NanGate45,1e-15,0.00019140625,86,8,0.813953488372093,0.5588490605231201,0.12339615479992108,8
NanGate45,1e-15,0.0001125488281249,86,7,0.8372093023255814,0.5135410808050803,0.07451555256221519,8
NanGate45,1e-15,5.810546875e-05,86,6,0.8604651162790697,0.4807966485899645,0.03918915803817693,8
NanGate45,1e-15,2.484130859375e-05,86,5,0.8837209302325582,0.4601790386945576,0.016945809412585795,8
NanGate45,1e-15,7.87353515625e-06,86,4,0.9069767441860463,0.449479293036491,0.005402367952353696,8
NanGate45,1e-15,1.4896392822265626e-06,86,3,0.9302325581395348,0.4454212567431553,0.0010243475869535638,8
NanGate45,1e-15,1.0299682617187501e-07,86,2,0.9534883720930232,0.44453745773977654,7.085930936790837e-05,8
NanGate45,1e-15,6.062909960746763e-10,86,1,0.9767441860465116,0.4444721640900171,4.1712804799229194e-07,8
NanGate45,1e-15,1e-15,86,0,1.0,0.0,0.0,8
NanGate45,1e-12,0.006609375,86,23,0.4651162790697674,1.3617083211506786,0.9895624331424717,8
NanGate45,1e-12,0.0059921875,86,22,0.4883720930232558,1.3565503596403614,0.9839977563126455,8
NanGate45,1e-12,0.0053984375,86,21,0.5116279069767442,1.349014124817535,0.9758672746836475,8
NanGate45,1e-12,0.0048359375,86,20,0.5348837209302325,1.3383779256993877,0.9643923905318789,8
NanGate45,1e-12,0.004296875,86,19,0.5581395348837209,1.3234771397053082,0.9483166485160462,8
NanGate45,1e-12,0.0037890625,86,18,0.5813953488372093,1.3033473921069478,0.9265996310806145,8
NanGate45,1e-12,0.0033125,86,17,0.6046511627906976,1.2768381183349327,0.8980000493971172,8
NanGate45,1e-12,0.00286328125,86,16,0.627906976744186,1.2424755729935222,0.8609279503725861,8
NanGate45,1e-12,0.00244140625,86,15,0.6511627906976745,1.1989314273695464,0.8139502639855051,8
NanGate45,1e-12,0.0020546875,86,14,0.6744186046511628,1.1462303860069438,0.7570936427812589,8
NanGate45,1e-12,0.0016953125,86,13,0.6976744186046512,1.0829413124347647,0.6888141023884472,8
NanGate45,1e-12,0.00137109375,86,12,0.7209302325581395,1.010736597711938,0.6109159051609895,8
NanGate45,1e-12,0.001080078125,86,11,0.7441860465116279,0.9306838554408874,0.5245508481149611,8
NanGate45,1e-12,0.00082421875,86,10,0.7674418604651163,0.8457719679602068,0.4329434927875858,8
NanGate45,1e-12,0.000603515625,86,9,0.7906976744186046,0.7595167665389126,0.3398869005968562,8
NanGate45,1e-12,0.00041845703125,86,8,0.813953488372093,0.6763918618195139,0.25020743510485743,8
NanGate45,1e-12,0.00026953125,86,7,0.8372093023255814,0.6013793207085589,0.16928000890526831,8
NanGate45,1e-12,0.0001572265624999,86,6,0.8604651162790697,0.5395119752724549,0.10253430268343762,8
NanGate45,1e-12,7.897949218749999e-05,86,5,0.8837209302325582,0.49349611323540826,0.05289000022599544,8
NanGate45,1e-12,3.13720703125e-05,86,4,0.9069767441860463,0.4642641580323702,0.02135304837331287,8
NanGate45,1e-12,8.392333984375e-06,86,3,0.9302325581395348,0.44980829536304323,0.005757312753679221,8
NanGate45,1e-12,1.02996826171875e-06,86,2,0.9534883720930232,0.44512837121216375,0.0007083674609212119,8
NanGate45,1e-12,1.9162893295288083e-08,86,1,0.9767441860465116,0.4444839977525008,1.3183897885886736e-05,8
NanGate45,1e-12,1e-12,86,0,1.0,0.0,0.0,8
